country,gdp_per_capita,scraped_year
Afghanistan,2985,2012
Aland Islands,NA,2012
Albania,12464,2012
Algeria,14698,2012
American Samoa,NA,2012
Andorra,58172,2012
Angola,11520,2012
Anguilla,NA,2012
Antigua and Barbuda,25593,2012
Argentina,28826,2012
Armenia,11796,2012
Aruba,33972,2012
Australia,54404,2012
Austria,61377,2012
Azerbaijan,19523,2012
Bahamas,33668,2012
Bahrain,54517,2012
Bangladesh,4592,2012
Barbados,21286,2012
Belarus,25879,2012
Belgium,56357,2012
Belize,11843,2012
Benin,2780,2012
Bermuda,96711,2012
Bhutan,11144,2012
Bolivia,9884,2012
Bonaire Sint Eustatius and Saba,NA,2012
Bosnia and Herzegovina,12627,2012
Botswana,14958,2012
Brazil,18832,2012
British Indian Ocean Territory,NA,2012
British Virgin Islands,NA,2012
Brunei,89718,2012
Bulgaria,22619,2012
Burkina Faso,2004,2012
Burundi,1002,2012
Cambodia,4159,2012
Cameroon,4382,2012
Canada,54035,2012
Cape Verde,7398,2012
Cayman Islands,73983,2012
Central African Republic,1578,2012
Chad,2886,2012
Chile,26670,2012
China,12218,2012
Christmas Island,NA,2012
Cocos Islands,NA,2012
Colombia,15279,2012
Comoros,3263,2012
Congo,9080,2012
Cook Islands,NA,2012
Costa Rica,19961,2012
Cote d'Ivoire,4234,2012
Croatia,28259,2012
Cuba,NA,2012
Curacao,32321,2012
Cyprus,39190,2012
Czechia,39347,2012
Democratic Republic of Congo,1267,2012
Denmark,60498,2012
Djibouti,4469,2012
Dominica,17431,2012
Dominican Republic,15487,2012
East Timor,4298,2012
Ecuador,12961,2012
Egypt,13077,2012
El Salvador,9165,2012
Equatorial Guinea,35711,2012
Eritrea,NA,2012
Estonia,33769,2012
Eswatini,8646,2012
Ethiopia,1577,2012
Falkland Islands,NA,2012
Faroe Islands,57523,2012
Fiji,10141,2012
Finland,53958,2012
France,49936,2012
French Guiana,NA,2012
French Polynesia,NA,2012
Gabon,19450,2012
Gambia,2575,2012
Georgia,13194,2012
Germany,58018,2012
Ghana,5340,2012
Gibraltar,NA,2012
Greece,31250,2012
Greenland,62111,2012
Grenada,13161,2012
Guadeloupe,NA,2012
Guam,NA,2012
Guatemala,10127,2012
Guernsey,NA,2012
Guinea,2763,2012
Guinea-Bissau,2181,2012
Guyana,11535,2012
Haiti,3296,2012
Honduras,5601,2012
Hong Kong,59015,2012
Hungary,28180,2012
Iceland,57173,2012
India,5460,2012
Indonesia,9709,2012
Iran,15159,2012
Iraq,13357,2012
Ireland,59405,2012
Isle of Man,NA,2012
Israel,39299,2012
Italy,47796,2012
Jamaica,9829,2012
Japan,41597,2012
Jersey,NA,2012
Jordan,11086,2012
Kazakhstan,28881,2012
Kenya,4388,2012
Kiribati,2242,2012
Kosovo,8432,2012
Kuwait,64908,2012
Kyrgyzstan,4993,2012
Laos,5609,2012
Latvia,27497,2012
Lebanon,17323,2012
Lesotho,2894,2012
Liberia,1669,2012
Libya,20601,2012
Liechtenstein,NA,2012
Lithuania,30920,2012
Luxembourg,128895,2012
Macao,164239,2012
Madagascar,1618,2012
Malawi,1518,2012
Malaysia,25006,2012
Maldives,17390,2012
Mali,2521,2012
Malta,38936,2012
Marshall Islands,4244,2012
Martinique,NA,2012
Mauritania,5716,2012
Mauritius,20426,2012
Mayotte,NA,2012
Mexico,20899,2012
Micronesia (country),3829,2012
Moldova,10158,2012
Monaco,NA,2012
Mongolia,12079,2012
Montenegro,19576,2012
Montserrat,NA,2012
Morocco,7629,2012
Mozambique,1339,2012
Myanmar,4341,2012
Namibia,11267,2012
Nauru,9640,2012
Nepal,3317,2012
Netherlands,61481,2012
New Caledonia,NA,2012
New Zealand,42570,2012
Nicaragua,6276,2012
Niger,1403,2012
Nigeria,8266,2012
Niue,NA,2012
Norfolk Island,NA,2012
North Korea,NA,2012
North Macedonia,17190,2012
Northern Mariana Islands,NA,2012
Norway,84237,2012
Oman,41964,2012
Pakistan,4292,2012
Palau,18280,2012
Palestine,6009,2012
Panama,26927,2012
Papua New Guinea,3577,2012
Paraguay,12835,2012
Peru,13395,2012
Philippines,6698,2012
Pitcairn,NA,2012
Poland,28953,2012
Portugal,34805,2012
Puerto Rico,41347,2012
Qatar,143831,2012
Reunion,NA,2012
Romania,26768,2012
Russia,35741,2012
Rwanda,1988,2012
Saint Barthelemy,NA,2012
Saint Helena,NA,2012
Saint Kitts and Nevis,25114,2012
Saint Lucia,21516,2012
Saint Martin (French part),NA,2012
Saint Pierre and Miquelon,NA,2012
Saint Vincent and the Grenadines,13398,2012
Samoa,6312,2012
San Marino,58176,2012
Sao Tome and Principe,4920,2012
Saudi Arabia,59472,2012
Senegal,3405,2012
Serbia,17994,2012
Seychelles,24920,2012
Sierra Leone,2793,2012
Singapore,101188,2012
Sint Maarten (Dutch part),53357,2012
Slovakia,30907,2012
Slovenia,37034,2012
Solomon Islands,2743,2012
Somalia,1115,2012
South Africa,14564,2012
South Georgia and the South Sandwich Islands,NA,2012
South Korea,41538,2012
South Sudan,NA,2012
Spain,41034,2012
Sri Lanka,11448,2012
Sudan,4146,2012
Suriname,24194,2012
Sweden,56682,2012
Switzerland,74884,2012
Syria,7144,2012
Taiwan,NA,2012
Tajikistan,2700,2012
Tanzania,2822,2012
Thailand,17870,2012
Togo,2186,2012
Tokelau,NA,2012
Tonga,5907,2012
Trinidad and Tobago,36904,2012
Tunisia,12436,2012
Turkey,22518,2012
Turkmenistan,10794,2012
Turks and Caicos Islands,16025,2012
Tuvalu,3558,2012
Uganda,2405,2012
Ukraine,17849,2012
United Arab Emirates,73644,2012
United Kingdom,47328,2012
United States,61135,2012
United States Virgin Islands,46422,2012
Uruguay,26953,2012
Uzbekistan,6436,2012
Vanuatu,3351,2012
Vatican,NA,2012
Venezuela,NA,2012
Vietnam,7980,2012
Wallis and Futuna,NA,2012
Western Sahara,NA,2012
Yemen,NA,2012
Zambia,3475,2012
Zimbabwe,5003,2012
Afghanistan,3047,2013
Aland Islands,NA,2013
Albania,12873,2013
Algeria,14778,2013
American Samoa,NA,2013
Andorra,57332,2013
Angola,11626,2013
Anguilla,NA,2013
Antigua and Barbuda,25207,2013
Argentina,29228,2013
Armenia,12194,2013
Aruba,35622,2013
Australia,54895,2013
Austria,60863,2013
Azerbaijan,20399,2013
Bahamas,32403,2013
Bahrain,55376,2013
Bangladesh,4823,2013
Barbados,20855,2013
Belarus,26148,2013
Belgium,56263,2013
Belize,12065,2013
Benin,2893,2013
Bermuda,96550,2013
Bhutan,11212,2013
Bolivia,10391,2013
Bonaire Sint Eustatius and Saba,NA,2013
Bosnia and Herzegovina,13136,2013
Botswana,16369,2013
Brazil,19242,2013
British Indian Ocean Territory,NA,2013
British Virgin Islands,NA,2013
Brunei,86607,2013
Bulgaria,22954,2013
Burkina Faso,2057,2013
Burundi,1015,2013
Cambodia,4419,2013
Cameroon,4474,2013
Canada,54712,2013
Cape Verde,7441,2013
Cayman Islands,72989,2013
Central African Republic,997,2013
Chad,2864,2013
Chile,27291,2013
China,13081,2013
Christmas Island,NA,2013
Cocos Islands,NA,2013
Colombia,15912,2013
Comoros,3338,2013
Congo,8798,2013
Cook Islands,NA,2013
Costa Rica,20232,2013
Cote d'Ivoire,4597,2013
Croatia,28398,2013
Cuba,NA,2013
Curacao,31753,2013
Cyprus,36651,2013
Czechia,39318,2013
Democratic Republic of Congo,1343,2013
Denmark,61085,2013
Djibouti,4469,2013
Dominica,17283,2013
Dominican Republic,16055,2013
East Timor,4340,2013
Ecuador,13689,2013
Egypt,13058,2013
El Salvador,9328,2013
Equatorial Guinea,32894,2013
Eritrea,NA,2013
Estonia,34484,2013
Eswatini,8951,2013
Ethiopia,1697,2013
Falkland Islands,NA,2013
Faroe Islands,60949,2013
Fiji,10604,2013
Finland,53183,2013
France,50067,2013
French Guiana,NA,2013
French Polynesia,NA,2013
Gabon,19836,2013
Gambia,2572,2013
Georgia,13913,2013
Germany,58089,2013
Ghana,5594,2013
Gibraltar,NA,2013
Greece,30762,2013
Greenland,61660,2013
Grenada,13386,2013
Guadeloupe,NA,2013
Guam,NA,2013
Guatemala,10298,2013
Guernsey,NA,2013
Guinea,2803,2013
Guinea-Bissau,2192,2013
Guyana,11897,2013
Haiti,3387,2013
Honduras,5644,2013
Hong Kong,60602,2013
Hungary,28891,2013
Iceland,58672,2013
India,5732,2013
Indonesia,10122,2013
Iran,14735,2013
Iraq,13713,2013
Ireland,60389,2013
Isle of Man,NA,2013
Israel,40149,2013
Italy,46833,2013
Jamaica,9840,2013
Japan,42492,2013
Jersey,NA,2013
Jordan,10799,2013
Kazakhstan,30177,2013
Kenya,4443,2013
Kiribati,2382,2013
Kosovo,8828,2013
Kuwait,62459,2013
Kyrgyzstan,5419,2013
Laos,5974,2013
Latvia,28375,2013
Lebanon,16396,2013
Lesotho,2914,2013
Liberia,1775,2013
Libya,16558,2013
Liechtenstein,NA,2013
Lithuania,32475,2013
Luxembourg,129945,2013
Macao,174570,2013
Madagascar,1611,2013
Malawi,1556,2013
Malaysia,25736,2013
Maldives,17987,2013
Mali,2529,2013
Malta,40920,2013
Marshall Islands,4470,2013
Martinique,NA,2013
Mauritania,5770,2013
Mauritius,21061,2013
Mayotte,NA,2013
Mexico,20805,2013
Micronesia (country),3680,2013
Moldova,11080,2013
Monaco,NA,2013
Mongolia,13210,2013
Montenegro,20201,2013
Montserrat,NA,2013
Morocco,7839,2013
Mozambique,1386,2013
Myanmar,4667,2013
Namibia,11594,2013
Nauru,9798,2013
Nepal,3427,2013
Netherlands,61281,2013
New Caledonia,NA,2013
New Zealand,43338,2013
Nicaragua,6494,2013
Niger,1423,2013
Nigeria,8581,2013
Niue,NA,2013
Norfolk Island,NA,2013
North Korea,NA,2013
North Macedonia,17758,2013
Northern Mariana Islands,NA,2013
Norway,84070,2013
Oman,40854,2013
Pakistan,4407,2013
Palau,17931,2013
Palestine,6142,2013
Panama,28135,2013
Papua New Guinea,3615,2013
Paraguay,13701,2013
Peru,14052,2013
Philippines,7017,2013
Pitcairn,NA,2013
Poland,29169,2013
Portugal,34652,2013
Puerto Rico,41557,2013
Qatar,136454,2013
Reunion,NA,2013
Romania,26942,2013
Russia,36260,2013
Rwanda,2032,2013
Saint Barthelemy,NA,2013
Saint Helena,NA,2013
Saint Kitts and Nevis,26532,2013
Saint Lucia,21029,2013
Saint Martin (French part),NA,2013
Saint Pierre and Miquelon,NA,2013
Saint Vincent and the Grenadines,13804,2013
Samoa,6262,2013
San Marino,58468,2013
Sao Tome and Principe,5072,2013
Saudi Arabia,57998,2013
Senegal,3385,2013
Serbia,18163,2013
Seychelles,24771,2013
Sierra Leone,3125,2013
Singapore,104359,2013
Sint Maarten (Dutch part),52801,2013
Slovakia,31091,2013
Slovenia,36679,2013
Solomon Islands,2784,2013
Somalia,1198,2013
South Africa,14681,2013
South Georgia and the South Sandwich Islands,NA,2013
South Korea,42710,2013
South Sudan,NA,2013
Spain,40595,2013
Sri Lanka,12250,2013
Sudan,4130,2013
Suriname,24624,2013
Sweden,56843,2013
Switzerland,75354,2013
Syria,5531,2013
Taiwan,NA,2013
Tajikistan,2828,2013
Tanzania,2925,2013
Thailand,18242,2013
Togo,2255,2013
Tokelau,NA,2013
Tonga,5952,2013
Trinidad and Tobago,37994,2013
Tunisia,12588,2013
Turkey,24117,2013
Turkmenistan,11633,2013
Turks and Caicos Islands,15462,2013
Tuvalu,3690,2013
Uganda,2421,2013
Ukraine,17889,2013
United Arab Emirates,74237,2013
United Kingdom,47820,2013
United States,61959,2013
United States Virgin Islands,43564,2013
Uruguay,28119,2013
Uzbekistan,6798,2013
Vanuatu,3292,2013
Vatican,NA,2013
Venezuela,NA,2013
Vietnam,8324,2013
Wallis and Futuna,NA,2013
Western Sahara,NA,2013
Yemen,NA,2013
Zambia,3535,2013
Zimbabwe,5032,2013
Afghanistan,3018,2014
Aland Islands,NA,2014
Albania,13367,2014
Algeria,15074,2014
American Samoa,NA,2014
Andorra,59929,2014
Angola,11722,2014
Anguilla,NA,2014
Antigua and Barbuda,25558,2014
Argentina,28201,2014
Armenia,12667,2014
Aruba,35747,2014
Australia,55489,2014
Austria,60846,2014
Azerbaijan,20709,2014
Bahamas,32713,2014
Bahrain,55066,2014
Bangladesh,5069,2014
Barbados,20960,2014
Belarus,26564,2014
Belgium,57003,2014
Belize,12272,2014
Benin,2987,2014
Bermuda,93042,2014
Bhutan,11745,2014
Bolivia,10791,2014
Bonaire Sint Eustatius and Saba,NA,2014
Bosnia and Herzegovina,13459,2014
Botswana,17052,2014
Brazil,19183,2014
British Indian Ocean Territory,NA,2014
British Virgin Islands,NA,2014
Brunei,83311,2014
Bulgaria,23456,2014
Burkina Faso,2083,2014
Burundi,1022,2014
Cambodia,4703,2014
Cameroon,4588,2014
Canada,55723,2014
Cape Verde,7491,2014
Cayman Islands,73052,2014
Central African Republic,1002,2014
Chad,2821,2014
Chile,27505,2014
China,13969,2014
Christmas Island,NA,2014
Cocos Islands,NA,2014
Colombia,16480,2014
Comoros,3335,2014
Congo,9159,2014
Cook Islands,NA,2014
Costa Rica,20725,2014
Cote d'Ivoire,4908,2014
Croatia,28457,2014
Cuba,NA,2014
Curacao,31129,2014
Cyprus,36105,2014
Czechia,40158,2014
Democratic Republic of Congo,1393,2014
Denmark,61553,2014
Djibouti,4705,2014
Dominica,17521,2014
Dominican Republic,16994,2014
East Timor,4445,2014
Ecuador,14065,2014
Egypt,13136,2014
El Salvador,9452,2014
Equatorial Guinea,31766,2014
Eritrea,NA,2014
Estonia,35724,2014
Eswatini,9084,2014
Ethiopia,1821,2014
Falkland Islands,NA,2014
Faroe Islands,64018,2014
Fiji,11183,2014
Finland,52711,2014
France,50327,2014
French Guiana,NA,2014
French Polynesia,NA,2014
Gabon,20009,2014
Gambia,2465,2014
Georgia,14475,2014
Germany,59109,2014
Ghana,5619,2014
Gibraltar,NA,2014
Greece,31213,2014
Greenland,64799,2014
Grenada,14288,2014
Guadeloupe,NA,2014
Guam,NA,2014
Guatemala,10554,2014
Guernsey,NA,2014
Guinea,2835,2014
Guinea-Bissau,2156,2014
Guyana,12030,2014
Haiti,3435,2014
Honduras,5705,2014
Hong Kong,61840,2014
Hungary,30265,2014
Iceland,59133,2014
India,6080,2014
Indonesia,10504,2014
Iran,15263,2014
Iraq,13537,2014
Ireland,65576,2014
Isle of Man,NA,2014
Israel,40873,2014
Italy,46826,2014
Jamaica,9872,2014
Japan,42675,2014
Jersey,NA,2014
Jordan,10149,2014
Kazakhstan,30986,2014
Kenya,4559,2014
Kiribati,2381,2014
Kosovo,9151,2014
Kuwait,60066,2014
Kyrgyzstan,5514,2014
Laos,6341,2014
Latvia,29244,2014
Lebanon,15206,2014
Lesotho,2931,2014
Liberia,1750,2014
Libya,12499,2014
Liechtenstein,NA,2014
Lithuania,33975,2014
Luxembourg,130248,2014
Macao,162813,2014
Madagascar,1620,2014
Malawi,1598,2014
Malaysia,26818,2014
Maldives,18765,2014
Mali,2609,2014
Malta,43162,2014
Marshall Islands,4492,2014
Martinique,NA,2014
Mauritania,5838,2014
Mauritius,21827,2014
Mayotte,NA,2014
Mexico,21070,2014
Micronesia (country),3576,2014
Moldova,11641,2014
Monaco,NA,2014
Mongolia,13943,2014
Montenegro,20642,2014
Montserrat,NA,2014
Morocco,7952,2014
Mozambique,1450,2014
Myanmar,5007,2014
Namibia,11983,2014
Nauru,11113,2014
Nepal,3622,2014
Netherlands,62046,2014
New Caledonia,NA,2014
New Zealand,44256,2014
Nicaragua,6712,2014
Niger,1463,2014
Nigeria,8885,2014
Niue,NA,2014
Norfolk Island,NA,2014
North Korea,NA,2014
North Macedonia,18452,2014
Northern Mariana Islands,NA,2014
Norway,84830,2014
Oman,39640,2014
Pakistan,4520,2014
Palau,18787,2014
Palestine,5990,2014
Panama,28932,2014
Papua New Guinea,3999,2014
Paraguay,14219,2014
Peru,14245,2014
Philippines,7340,2014
Pitcairn,NA,2014
Poland,30335,2014
Portugal,35097,2014
Puerto Rico,41594,2014
Qatar,128014,2014
Reunion,NA,2014
Romania,28156,2014
Russia,35853,2014
Rwanda,2106,2014
Saint Barthelemy,NA,2014
Saint Helena,NA,2014
Saint Kitts and Nevis,28530,2014
Saint Lucia,21214,2014
Saint Martin (French part),NA,2014
Saint Pierre and Miquelon,NA,2014
Saint Vincent and the Grenadines,14040,2014
Samoa,6248,2014
San Marino,58744,2014
Sao Tome and Principe,5223,2014
Saudi Arabia,58872,2014
Senegal,3484,2014
Serbia,17923,2014
Seychelles,25379,2014
Sierra Leone,2813,2014
Singapore,107067,2014
Sint Maarten (Dutch part),52439,2014
Slovakia,31902,2014
Slovenia,37655,2014
Solomon Islands,2716,2014
Somalia,1259,2014
South Africa,14643,2014
South Georgia and the South Sandwich Islands,NA,2014
South Korea,43807,2014
South Sudan,NA,2014
Spain,41339,2014
Sri Lanka,12910,2014
Sudan,4208,2014
Suriname,24414,2014
Sweden,57574,2014
Switzerland,76190,2014
Syria,5302,2014
Taiwan,NA,2014
Tajikistan,2943,2014
Tanzania,3028,2014
Thailand,18325,2014
Togo,2322,2014
Tokelau,NA,2014
Tonga,6097,2014
Trinidad and Tobago,39249,2014
Tunisia,12824,2014
Turkey,24889,2014
Turkmenistan,12544,2014
Turks and Caicos Islands,16139,2014
Tuvalu,3696,2014
Uganda,2471,2014
Ukraine,16979,2014
United Arab Emirates,74145,2014
United Kingdom,48964,2014
United States,63019,2014
United States Virgin Islands,42854,2014
Uruguay,28935,2014
Uzbekistan,7145,2014
Vanuatu,3302,2014
Vatican,NA,2014
Venezuela,NA,2014
Vietnam,8752,2014
Wallis and Futuna,NA,2014
Western Sahara,NA,2014
Yemen,NA,2014
Zambia,3586,2014
Zimbabwe,5081,2014
Afghanistan,2968,2015
Aland Islands,NA,2015
Albania,13877,2015
Algeria,15240,2015
American Samoa,NA,2015
Andorra,62105,2015
Angola,11393,2015
Anguilla,NA,2015
Antigua and Barbuda,25734,2015
Argentina,28669,2015
Armenia,13113,2015
Aruba,36661,2015
Australia,55880,2015
Austria,60952,2015
Azerbaijan,20679,2015
Bahamas,32778,2015
Bahrain,54150,2015
Bangladesh,5353,2015
Barbados,20667,2015
Belarus,25513,2015
Belgium,57509,2015
Belize,12349,2015
Benin,2952,2015
Bermuda,93860,2015
Bhutan,12400,2015
Bolivia,11145,2015
Bonaire Sint Eustatius and Saba,NA,2015
Bosnia and Herzegovina,14220,2015
Botswana,15995,2015
Brazil,18357,2015
British Indian Ocean Territory,NA,2015
British Virgin Islands,NA,2015
Brunei,81910,2015
Bulgaria,24563,2015
Burkina Faso,2102,2015
Burundi,995,2015
Cambodia,4969,2015
Cameroon,4699,2015
Canada,55661,2015
Cape Verde,7560,2015
Cayman Islands,73315,2015
Central African Republic,1044,2015
Chad,2823,2015
Chile,27811,2015
China,14857,2015
Christmas Island,NA,2015
Cocos Islands,NA,2015
Colombia,16821,2015
Comoros,3302,2015
Congo,8978,2015
Cook Islands,NA,2015
Costa Rica,21255,2015
Cote d'Ivoire,5111,2015
Croatia,29467,2015
Cuba,NA,2015
Curacao,30861,2015
Cyprus,37259,2015
Czechia,42067,2015
Democratic Republic of Congo,1433,2015
Denmark,62406,2015
Djibouti,4962,2015
Dominica,16921,2015
Dominican Republic,17973,2015
East Timor,4468,2015
Ecuador,13882,2015
Egypt,13426,2015
El Salvador,9646,2015
Equatorial Guinea,27798,2015
Eritrea,NA,2015
Estonia,36356,2015
Eswatini,9187,2015
Ethiopia,1957,2015
Falkland Islands,NA,2015
Faroe Islands,64009,2015
Fiji,11674,2015
Finland,52782,2015
France,50683,2015
French Guiana,NA,2015
French Polynesia,NA,2015
Gabon,20148,2015
Gambia,2496,2015
Georgia,14937,2015
Germany,59574,2015
Ghana,5607,2015
Gibraltar,NA,2015
Greece,31348,2015
Greenland,63364,2015
Grenada,15137,2015
Guadeloupe,NA,2015
Guam,NA,2015
Guatemala,10786,2015
Guernsey,NA,2015
Guinea,2870,2015
Guinea-Bissau,2230,2015
Guyana,12040,2015
Haiti,3433,2015
Honduras,5813,2015
Hong Kong,62780,2015
Hungary,31486,2015
Iceland,60726,2015
India,6488,2015
Indonesia,10894,2015
Iran,14842,2015
Iraq,13516,2015
Ireland,80955,2015
Isle of Man,NA,2015
Israel,40967,2015
Italy,47312,2015
Jamaica,9932,2015
Japan,43387,2015
Jersey,NA,2015
Jordan,9582,2015
Kazakhstan,30894,2015
Kenya,4680,2015
Kiribati,2616,2015
Kosovo,9825,2015
Kuwait,57764,2015
Kyrgyzstan,5600,2015
Laos,6704,2015
Latvia,30600,2015
Lebanon,14980,2015
Lesotho,2987,2015
Liberia,1714,2015
Libya,12195,2015
Liechtenstein,NA,2015
Lithuania,35251,2015
Luxembourg,130097,2015
Macao,123194,2015
Madagascar,1628,2015
Malawi,1598,2015
Malaysia,27700,2015
Maldives,18829,2015
Mali,2687,2015
Malta,46170,2015
Marshall Islands,4670,2015
Martinique,NA,2015
Mauritania,5970,2015
Mauritius,22603,2015
Mayotte,NA,2015
Mexico,21409,2015
Micronesia (country),3723,2015
Moldova,11691,2015
Monaco,NA,2015
Mongolia,13975,2015
Montenegro,21132,2015
Montserrat,NA,2015
Morocco,8199,2015
Mozambique,1513,2015
Myanmar,5314,2015
Namibia,12167,2015
Nauru,11270,2015
Nepal,3745,2015
Netherlands,63081,2015
New Caledonia,NA,2015
New Zealand,44964,2015
Nicaragua,6939,2015
Niger,1472,2015
Nigeria,8892,2015
Niue,NA,2015
Norfolk Island,NA,2015
North Korea,NA,2015
North Macedonia,19215,2015
Northern Mariana Islands,NA,2015
Norway,85550,2015
Oman,39814,2015
Pakistan,4645,2015
Palau,20212,2015
Palestine,6073,2015
Panama,29933,2015
Papua New Guinea,4155,2015
Paraguay,14428,2015
Peru,14543,2015
Philippines,7692,2015
Pitcairn,NA,2015
Poland,31700,2015
Portugal,35803,2015
Puerto Rico,41738,2015
Qatar,123071,2015
Reunion,NA,2015
Romania,29182,2015
Russia,35037,2015
Rwanda,2239,2015
Saint Barthelemy,NA,2015
Saint Helena,NA,2015
Saint Kitts and Nevis,28730,2015
Saint Lucia,21143,2015
Saint Martin (French part),NA,2015
Saint Pierre and Miquelon,NA,2015
Saint Vincent and the Grenadines,14509,2015
Samoa,6432,2015
San Marino,59648,2015
Sao Tome and Principe,5210,2015
Saudi Arabia,58499,2015
Senegal,3594,2015
Serbia,18248,2015
Seychelles,27032,2015
Sierra Leone,2628,2015
Singapore,108954,2015
Sint Maarten (Dutch part),51376,2015
Slovakia,33522,2015
Slovenia,38527,2015
Solomon Islands,2665,2015
Somalia,1344,2015
South Africa,14542,2015
South Georgia and the South Sandwich Islands,NA,2015
South Korea,44849,2015
South Sudan,NA,2015
Spain,43054,2015
Sri Lanka,13330,2015
Sudan,4159,2015
Suriname,23328,2015
Sweden,59468,2015
Switzerland,76566,2015
Syria,5302,2015
Taiwan,NA,2015
Tajikistan,3041,2015
Tanzania,3111,2015
Thailand,18812,2015
Togo,2388,2015
Tokelau,NA,2015
Tonga,6195,2015
Trinidad and Tobago,38964,2015
Tunisia,12803,2015
Turkey,25985,2015
Turkmenistan,13058,2015
Turks and Caicos Islands,17202,2015
Tuvalu,4089,2015
Uganda,2520,2015
Ukraine,15404,2015
United Arab Emirates,75239,2015
United Kingdom,49653,2015
United States,64359,2015
United States Virgin Islands,42739,2015
Uruguay,28942,2015
Uzbekistan,7530,2015
Vanuatu,3358,2015
Vatican,NA,2015
Venezuela,NA,2015
Vietnam,9248,2015
Wallis and Futuna,NA,2015
Western Sahara,NA,2015
Yemen,NA,2015
Zambia,3577,2015
Zimbabwe,5103,2015
Afghanistan,2959,2016
Aland Islands,NA,2016
Albania,14643,2016
Algeria,15512,2016
American Samoa,NA,2016
Andorra,64403,2016
Angola,10806,2016
Anguilla,NA,2016
Antigua and Barbuda,26628,2016
Argentina,27802,2016
Armenia,13193,2016
Aruba,36833,2016
Australia,56530,2016
Austria,61573,2016
Azerbaijan,19822,2016
Bahamas,32172,2016
Bahrain,54107,2016
Bangladesh,5683,2016
Barbados,20931,2016
Belarus,24847,2016
Belgium,57901,2016
Belize,12063,2016
Benin,2963,2016
Bermuda,93265,2016
Bhutan,13321,2016
Bolivia,11448,2016
Bonaire Sint Eustatius and Saba,NA,2016
Bosnia and Herzegovina,14874,2016
Botswana,16906,2016
Brazil,17621,2016
British Indian Ocean Territory,NA,2016
British Virgin Islands,NA,2016
Brunei,78881,2016
Bulgaria,25637,2016
Burkina Faso,2163,2016
Burundi,1010,2016
Cambodia,5284,2016
Cameroon,4767,2016
Canada,55606,2016
Cape Verde,7881,2016
Cayman Islands,73942,2016
Central African Republic,1074,2016
Chad,2623,2016
Chile,27959,2016
China,15773,2016
Christmas Island,NA,2016
Cocos Islands,NA,2016
Colombia,17003,2016
Comoros,3343,2016
Congo,8002,2016
Cook Islands,NA,2016
Costa Rica,21926,2016
Cote d'Ivoire,5321,2016
Croatia,30821,2016
Cuba,NA,2016
Curacao,30210,2016
Cyprus,39501,2016
Czechia,43069,2016
Democratic Republic of Congo,1389,2016
Denmark,63823,2016
Djibouti,5227,2016
Dominica,17364,2016
Dominican Republic,18969,2016
East Timor,4515,2016
Ecuador,13587,2016
Egypt,13727,2016
El Salvador,9864,2016
Equatorial Guinea,24435,2016
Eritrea,NA,2016
Estonia,37470,2016
Eswatini,9403,2016
Ethiopia,2085,2016
Falkland Islands,NA,2016
Faroe Islands,64155,2016
Fiji,11952,2016
Finland,53985,2016
France,50984,2016
French Guiana,NA,2016
French Polynesia,NA,2016
Gabon,19988,2016
Gambia,2478,2016
Georgia,15443,2016
Germany,60408,2016
Ghana,5666,2016
Gibraltar,NA,2016
Greece,31469,2016
Greenland,66246,2016
Grenada,15641,2016
Guadeloupe,NA,2016
Guam,NA,2016
Guatemala,10873,2016
Guernsey,NA,2016
Guinea,3100,2016
Guinea-Bissau,2293,2016
Guyana,12420,2016
Haiti,3447,2016
Honduras,5926,2016
Hong Kong,63749,2016
Hungary,32379,2016
Iceland,63613,2016
India,6941,2016
Indonesia,11320,2016
Iran,15920,2016
Iraq,15016,2016
Ireland,80899,2016
Isle of Man,NA,2016
Israel,41964,2016
Italy,47988,2016
Jamaica,10179,2016
Japan,43736,2016
Jersey,NA,2016
Jordan,9322,2016
Kazakhstan,30758,2016
Kenya,4770,2016
Kiribati,2762,2016
Kosovo,10435,2016
Kuwait,56937,2016
Kyrgyzstan,5715,2016
Laos,7063,2016
Latvia,31669,2016
Lebanon,15572,2016
Lesotho,3057,2016
Liberia,1653,2016
Libya,11832,2016
Liechtenstein,NA,2016
Lithuania,36618,2016
Luxembourg,133662,2016
Macao,120530,2016
Madagascar,1649,2016
Malawi,1594,2016
Malaysia,28425,2016
Maldives,19345,2016
Mali,2759,2016
Malta,46966,2016
Marshall Islands,4897,2016
Martinique,NA,2016
Mauritania,5866,2016
Mauritius,23460,2016
Mayotte,NA,2016
Mexico,21578,2016
Micronesia (country),3746,2016
Moldova,12377,2016
Monaco,NA,2016
Mongolia,13898,2016
Montenegro,21834,2016
Montserrat,NA,2016
Morocco,8142,2016
Mozambique,1538,2016
Myanmar,5581,2016
Namibia,11847,2016
Nauru,11530,2016
Nepal,3744,2016
Netherlands,64268,2016
New Caledonia,NA,2016
New Zealand,45627,2016
Nicaragua,7159,2016
Niger,1500,2016
Nigeria,8535,2016
Niue,NA,2016
Norfolk Island,NA,2016
North Korea,NA,2016
North Macedonia,19826,2016
Northern Mariana Islands,NA,2016
Norway,85788,2016
Oman,39861,2016
Pakistan,4887,2016
Palau,20449,2016
Palestine,6464,2016
Panama,30765,2016
Papua New Guinea,4276,2016
Paraguay,14827,2016
Peru,14917,2016
Philippines,8132,2016
Pitcairn,NA,2016
Poland,32675,2016
Portugal,36636,2016
Puerto Rico,41858,2016
Qatar,120054,2016
Reunion,NA,2016
Romania,30189,2016
Russia,35005,2016
Rwanda,2317,2016
Saint Barthelemy,NA,2016
Saint Helena,NA,2016
Saint Kitts and Nevis,29867,2016
Saint Lucia,21775,2016
Saint Martin (French part),NA,2016
Saint Pierre and Miquelon,NA,2016
Saint Vincent and the Grenadines,15198,2016
Samoa,6887,2016
San Marino,60670,2016
Sao Tome and Principe,5389,2016
Saudi Arabia,57308,2016
Senegal,3710,2016
Serbia,18889,2016
Seychelles,29905,2016
Sierra Leone,2732,2016
Singapore,111580,2016
Sint Maarten (Dutch part),50818,2016
Slovakia,34131,2016
Slovenia,39667,2016
Solomon Islands,2715,2016
Somalia,1384,2016
South Africa,14501,2016
South Georgia and the South Sandwich Islands,NA,2016
South Korea,46088,2016
South Sudan,NA,2016
Spain,44275,2016
Sri Lanka,13846,2016
Sudan,4175,2016
Suriname,21950,2016
Sweden,59977,2016
Switzerland,77301,2016
Syria,5022,2016
Taiwan,NA,2016
Tajikistan,3170,2016
Tanzania,3214,2016
Thailand,19371,2016
Togo,2427,2016
Tokelau,NA,2016
Tonga,6639,2016
Trinidad and Tobago,35915,2016
Tunisia,12804,2016
Turkey,26490,2016
Turkmenistan,13553,2016
Turks and Caicos Islands,17626,2016
Tuvalu,4333,2016
Uganda,2554,2016
Ukraine,15857,2016
United Arab Emirates,75671,2016
United Kingdom,50347,2016
United States,65018,2016
United States Virgin Islands,43502,2016
Uruguay,29333,2016
Uzbekistan,7840,2016
Vanuatu,3398,2016
Vatican,NA,2016
Venezuela,NA,2016
Vietnam,9743,2016
Wallis and Futuna,NA,2016
Western Sahara,NA,2016
Yemen,NA,2016
Zambia,3598,2016
Zimbabwe,5070,2016
Afghanistan,2953,2017
Aland Islands,NA,2017
Albania,15359,2017
Algeria,15428,2017
American Samoa,NA,2017
Andorra,63240,2017
Angola,10414,2017
Anguilla,NA,2017
Antigua and Barbuda,27199,2017
Argentina,28335,2017
Armenia,14244,2017
Aruba,38117,2017
Australia,56882,2017
Austria,62536,2017
Azerbaijan,19659,2017
Bahamas,33050,2017
Bahrain,53860,2017
Bangladesh,6006,2017
Barbados,21036,2017
Belarus,25504,2017
Belgium,58529,2017
Belize,11572,2017
Benin,3042,2017
Bermuda,96437,2017
Bhutan,13482,2017
Bolivia,11755,2017
Bonaire Sint Eustatius and Saba,NA,2017
Bosnia and Herzegovina,15555,2017
Botswana,17353,2017
Brazil,17724,2017
British Indian Ocean Territory,NA,2017
British Virgin Islands,NA,2017
Brunei,78967,2017
Bulgaria,26692,2017
Burkina Faso,2232,2017
Burundi,1024,2017
Cambodia,5632,2017
Cameroon,4798,2017
Canada,56612,2017
Cape Verde,8235,2017
Cayman Islands,74600,2017
Central African Republic,1104,2017
Chad,2496,2017
Chile,27893,2017
China,16758,2017
Christmas Island,NA,2017
Cocos Islands,NA,2017
Colombia,16986,2017
Comoros,3402,2017
Congo,7373,2017
Cook Islands,NA,2017
Costa Rica,22623,2017
Cote d'Ivoire,5556,2017
Croatia,32349,2017
Cuba,NA,2017
Curacao,29729,2017
Cyprus,41418,2017
Czechia,45178,2017
Democratic Republic of Congo,1396,2017
Denmark,65352,2017
Djibouti,5422,2017
Dominica,16314,2017
Dominican Republic,19502,2017
East Timor,4290,2017
Ecuador,14179,2017
Egypt,14018,2017
El Salvador,10065,2017
Equatorial Guinea,22250,2017
Eritrea,NA,2017
Estonia,39533,2017
Eswatini,9661,2017
Ethiopia,2223,2017
Falkland Islands,NA,2017
Faroe Islands,65461,2017
Fiji,12597,2017
Finland,55637,2017
France,51896,2017
French Guiana,NA,2017
French Polynesia,NA,2017
Gabon,19556,2017
Gambia,2533,2017
Georgia,16238,2017
Germany,61866,2017
Ghana,5994,2017
Gibraltar,NA,2017
Greece,31995,2017
Greenland,66297,2017
Grenada,16291,2017
Guadeloupe,NA,2017
Guam,NA,2017
Guatemala,11005,2017
Guernsey,NA,2017
Guinea,3333,2017
Guinea-Bissau,2342,2017
Guyana,12802,2017
Haiti,3485,2017
Honduras,6100,2017
Hong Kong,65663,2017
Hungary,33829,2017
Iceland,64303,2017
India,7327,2017
Indonesia,11773,2017
Iran,16168,2017
Iraq,14418,2017
Ireland,87883,2017
Isle of Man,NA,2017
Israel,42947,2017
Italy,48849,2017
Jamaica,10391,2017
Japan,44505,2017
Jersey,NA,2017
Jordan,9340,2017
Kazakhstan,31524,2017
Kenya,4847,2017
Kiribati,2823,2017
Kosovo,10856,2017
Kuwait,52286,2017
Kyrgyzstan,5861,2017
Laos,7432,2017
Latvia,33036,2017
Lebanon,16129,2017
Lesotho,2925,2017
Liberia,1661,2017
Libya,15428,2017
Liechtenstein,NA,2017
Lithuania,38774,2017
Luxembourg,132170,2017
Macao,133323,2017
Madagascar,1670,2017
Malawi,1613,2017
Malaysia,29552,2017
Maldives,20037,2017
Mali,2816,2017
Malta,51626,2017
Marshall Islands,5199,2017
Martinique,NA,2017
Mauritania,6051,2017
Mauritius,24362,2017
Mayotte,NA,2017
Mexico,21778,2017
Micronesia (country),3813,2017
Moldova,13119,2017
Monaco,NA,2017
Mongolia,14402,2017
Montenegro,22514,2017
Montserrat,NA,2017
Morocco,8450,2017
Mozambique,1532,2017
Myanmar,5878,2017
Namibia,11409,2017
Nauru,10632,2017
Nepal,4072,2017
Netherlands,65666,2017
New Caledonia,NA,2017
New Zealand,46193,2017
Nicaragua,7391,2017
Niger,1520,2017
Nigeria,8397,2017
Niue,NA,2017
Norfolk Island,NA,2017
North Korea,NA,2017
North Macedonia,20121,2017
Northern Mariana Islands,NA,2017
Norway,87194,2017
Oman,38691,2017
Pakistan,5032,2017
Palau,19821,2017
Palestine,6427,2017
Panama,31980,2017
Papua New Guinea,4322,2017
Paraguay,15320,2017
Peru,15070,2017
Philippines,8584,2017
Pitcairn,NA,2017
Poland,34355,2017
Portugal,37943,2017
Puerto Rico,41480,2017
Qatar,115065,2017
Reunion,NA,2017
Romania,32853,2017
Russia,35570,2017
Rwanda,2352,2017
Saint Barthelemy,NA,2017
Saint Helena,NA,2017
Saint Kitts and Nevis,29949,2017
Saint Lucia,22423,2017
Saint Martin (French part),NA,2017
Saint Pierre and Miquelon,NA,2017
Saint Vincent and the Grenadines,15533,2017
Samoa,6919,2017
San Marino,59525,2017
Sao Tome and Principe,5521,2017
Saudi Arabia,57943,2017
Senegal,3871,2017
Serbia,19439,2017
Seychelles,31596,2017
Sierra Leone,2753,2017
Singapore,116472,2017
Sint Maarten (Dutch part),46088,2017
Slovakia,35057,2017
Slovenia,41693,2017
Solomon Islands,2704,2017
Somalia,1528,2017
South Africa,14574,2017
South Georgia and the South Sandwich Islands,NA,2017
South Korea,47537,2017
South Sudan,NA,2017
Spain,45446,2017
Sri Lanka,14572,2017
Sudan,4061,2017
Suriname,22071,2017
Sweden,60289,2017
Switzerland,77627,2017
Syria,4978,2017
Taiwan,NA,2017
Tajikistan,3313,2017
Tanzania,3318,2017
Thailand,20095,2017
Togo,2462,2017
Tokelau,NA,2017
Tonga,6863,2017
Trinidad and Tobago,34096,2017
Tunisia,12955,2017
Turkey,28195,2017
Turkmenistan,14108,2017
Turks and Caicos Islands,29540,2017
Tuvalu,4464,2017
Uganda,2544,2017
Ukraine,16310,2017
United Arab Emirates,72529,2017
United Kingdom,51587,2017
United States,66156,2017
United States Virgin Islands,43277,2017
Uruguay,29762,2017
Uzbekistan,8047,2017
Vanuatu,3466,2017
Vatican,NA,2017
Venezuela,NA,2017
Vietnam,10291,2017
Wallis and Futuna,NA,2017
Western Sahara,NA,2017
Yemen,NA,2017
Zambia,3613,2017
Zimbabwe,5234,2017
Afghanistan,2902,2018
Aland Islands,NA,2018
Albania,16171,2018
Algeria,15343,2018
American Samoa,NA,2018
Andorra,63049,2018
Angola,10001,2018
Anguilla,NA,2018
Antigua and Barbuda,28879,2018
Argentina,27367,2018
Armenia,15037,2018
Aruba,39279,2018
Australia,57648,2018
Austria,63778,2018
Azerbaijan,19782,2018
Bahamas,33650,2018
Bahrain,54893,2018
Bangladesh,6393,2018
Barbados,20727,2018
Belarus,26363,2018
Belgium,59358,2018
Belize,11452,2018
Benin,3155,2018
Bermuda,95639,2018
Bhutan,13855,2018
Bolivia,11920,2018
Bonaire Sint Eustatius and Saba,NA,2018
Bosnia and Herzegovina,16349,2018
Botswana,17825,2018
Brazil,17918,2018
British Indian Ocean Territory,NA,2018
British Virgin Islands,NA,2018
Brunei,78099,2018
Bulgaria,27691,2018
Burkina Faso,2316,2018
Burundi,1047,2018
Cambodia,6051,2018
Cameroon,4851,2018
Canada,57337,2018
Cape Verde,8531,2018
Cayman Islands,76125,2018
Central African Republic,1126,2018
Chad,2552,2018
Chile,28493,2018
China,17807,2018
Christmas Island,NA,2018
Cocos Islands,NA,2018
Colombia,17104,2018
Comoros,3458,2018
Congo,7029,2018
Cook Islands,NA,2018
Costa Rica,23005,2018
Cote d'Ivoire,5670,2018
Croatia,33730,2018
Cuba,NA,2018
Curacao,29257,2018
Cyprus,43510,2018
Czechia,46301,2018
Democratic Republic of Congo,1432,2018
Denmark,66239,2018
Djibouti,5591,2018
Dominica,16877,2018
Dominican Republic,20663,2018
East Timor,4189,2018
Ecuador,14084,2018
Egypt,14488,2018
El Salvador,10297,2018
Equatorial Guinea,20165,2018
Eritrea,NA,2018
Estonia,40854,2018
Eswatini,9578,2018
Ethiopia,2311,2018
Falkland Islands,NA,2018
Faroe Islands,66193,2018
Fiji,13100,2018
Finland,56226,2018
France,52561,2018
French Guiana,NA,2018
French Polynesia,NA,2018
Gabon,19226,2018
Gambia,2651,2018
Georgia,17229,2018
Germany,62381,2018
Ghana,6235,2018
Gibraltar,NA,2018
Greece,32722,2018
Greenland,66888,2018
Grenada,16965,2018
Guadeloupe,NA,2018
Guam,NA,2018
Guatemala,11192,2018
Guernsey,NA,2018
Guinea,3456,2018
Guinea-Bissau,2374,2018
Guyana,12980,2018
Haiti,3497,2018
Honduras,6219,2018
Hong Kong,66994,2018
Hungary,35798,2018
Iceland,65522,2018
India,7714,2018
Indonesia,12262,2018
Iran,15365,2018
Iraq,14456,2018
Ireland,93276,2018
Isle of Man,NA,2018
Israel,43814,2018
Italy,49133,2018
Jamaica,10636,2018
Japan,44848,2018
Jersey,NA,2018
Jordan,9312,2018
Kazakhstan,32330,2018
Kenya,5018,2018
Kiribati,2878,2018
Kosovo,11188,2018
Kuwait,51624,2018
Kyrgyzstan,5952,2018
Laos,7775,2018
Latvia,34730,2018
Lebanon,16290,2018
Lesotho,2846,2018
Liberia,1648,2018
Libya,16385,2018
Liechtenstein,NA,2018
Lithuania,41020,2018
Luxembourg,131734,2018
Macao,139541,2018
Madagascar,1679,2018
Malawi,1639,2018
Malaysia,30460,2018
Maldives,21073,2018
Mali,2862,2018
Malta,53417,2018
Marshall Islands,5635,2018
Martinique,NA,2018
Mauritania,6154,2018
Mauritius,25324,2018
Mayotte,NA,2018
Mexico,21998,2018
Micronesia (country),3799,2018
Moldova,13896,2018
Monaco,NA,2018
Mongolia,15230,2018
Montenegro,23562,2018
Montserrat,NA,2018
Morocco,8612,2018
Mozambique,1539,2018
Myanmar,6201,2018
Namibia,11214,2018
Nauru,10401,2018
Nepal,4371,2018
Netherlands,66758,2018
New Caledonia,NA,2018
New Zealand,46948,2018
Nicaragua,7049,2018
Niger,1574,2018
Nigeria,8363,2018
Niue,NA,2018
Norfolk Island,NA,2018
North Korea,NA,2018
North Macedonia,20806,2018
Northern Mariana Islands,NA,2018
Norway,87338,2018
Oman,38674,2018
Pakistan,5255,2018
Palau,19572,2018
Palestine,6343,2018
Panama,32681,2018
Papua New Guinea,4211,2018
Paraguay,15593,2018
Peru,15386,2018
Philippines,9016,2018
Pitcairn,NA,2018
Poland,36500,2018
Portugal,39124,2018
Puerto Rico,41119,2018
Qatar,114910,2018
Reunion,NA,2018
Romania,34829,2018
Russia,36537,2018
Rwanda,2493,2018
Saint Barthelemy,NA,2018
Saint Helena,NA,2018
Saint Kitts and Nevis,30576,2018
Saint Lucia,22982,2018
Saint Martin (French part),NA,2018
Saint Pierre and Miquelon,NA,2018
Saint Vincent and the Grenadines,16139,2018
Samoa,6805,2018
San Marino,59194,2018
Sao Tome and Principe,5675,2018
Saudi Arabia,61359,2018
Senegal,3998,2018
Serbia,20454,2018
Seychelles,32841,2018
Sierra Leone,2767,2018
Singapore,119928,2018
Sint Maarten (Dutch part),42154,2018
Slovakia,36431,2018
Slovenia,43361,2018
Solomon Islands,2686,2018
Somalia,1505,2018
South Africa,14554,2018
South Georgia and the South Sandwich Islands,NA,2018
South Korea,48834,2018
South Sudan,NA,2018
Spain,46325,2018
Sri Lanka,14760,2018
Sudan,3817,2018
Suriname,22939,2018
Sweden,60647,2018
Switzerland,79261,2018
Syria,4956,2018
Taiwan,NA,2018
Tajikistan,3480,2018
Tanzania,3393,2018
Thailand,20880,2018
Togo,2517,2018
Tokelau,NA,2018
Tonga,6885,2018
Trinidad and Tobago,33710,2018
Tunisia,13163,2018
Turkey,28780,2018
Turkmenistan,14648,2018
Turks and Caicos Islands,30286,2018
Tuvalu,4576,2018
Uganda,2614,2018
Ukraine,16979,2018
United Arab Emirates,72671,2018
United Kingdom,52132,2018
United States,67720,2018
United States Virgin Islands,44205,2018
Uruguay,29758,2018
Uzbekistan,8349,2018
Vanuatu,3482,2018
Vatican,NA,2018
Venezuela,NA,2018
Vietnam,10937,2018
Wallis and Futuna,NA,2018
Western Sahara,NA,2018
Yemen,NA,2018
Zambia,3647,2018
Zimbabwe,5415,2018
Afghanistan,2927,2019
Aland Islands,NA,2019
Albania,16761,2019
Algeria,15199,2019
American Samoa,NA,2019
Andorra,63216,2019
Angola,9648,2019
Anguilla,NA,2019
Antigua and Barbuda,29652,2019
Argentina,26630,2019
Armenia,16215,2019
Aruba,39653,2019
Australia,58049,2019
Austria,64609,2019
Azerbaijan,20101,2019
Bahamas,33202,2019
Bahrain,56750,2019
Bangladesh,6838,2019
Barbados,20738,2019
Belarus,26799,2019
Belgium,60480,2019
Belize,11766,2019
Benin,3281,2019
Bermuda,95520,2019
Bhutan,14555,2019
Bolivia,11931,2019
Bonaire Sint Eustatius and Saba,NA,2019
Bosnia and Herzegovina,17029,2019
Botswana,18106,2019
Brazil,18019,2019
British Indian Ocean Territory,NA,2019
British Virgin Islands,NA,2019
Brunei,80228,2019
Bulgaria,29150,2019
Burkina Faso,2392,2019
Burundi,1058,2019
Cambodia,6449,2019
Cameroon,4882,2019
Canada,57584,2019
Cape Verde,9112,2019
Cayman Islands,77477,2019
Central African Republic,1145,2019
Chad,2605,2019
Chile,28219,2019
China,18821,2019
Christmas Island,NA,2019
Cocos Islands,NA,2019
Colombia,17337,2019
Comoros,3451,2019
Congo,6939,2019
Cook Islands,NA,2019
Costa Rica,23365,2019
Cote d'Ivoire,5895,2019
Croatia,35123,2019
Cuba,NA,2019
Curacao,28660,2019
Cyprus,45454,2019
Czechia,47764,2019
Democratic Republic of Congo,1395,2019
Denmark,67131,2019
Djibouti,5809,2019
Dominica,17619,2019
Dominican Republic,21451,2019
East Timor,5103,2019
Ecuador,13870,2019
Egypt,15027,2019
El Salvador,10544,2019
Equatorial Guinea,18447,2019
Eritrea,NA,2019
Estonia,42219,2019
Eswatini,10100,2019
Ethiopia,2438,2019
Falkland Islands,NA,2019
Faroe Islands,68134,2019
Fiji,13056,2019
Finland,56922,2019
France,53449,2019
French Guiana,NA,2019
French Polynesia,NA,2019
Gabon,19491,2019
Gambia,2751,2019
Georgia,18187,2019
Germany,62849,2019
Ghana,6508,2019
Gibraltar,NA,2019
Greece,33503,2019
Greenland,68535,2019
Grenada,17037,2019
Guadeloupe,NA,2019
Guam,NA,2019
Guatemala,11466,2019
Guernsey,NA,2019
Guinea,3557,2019
Guinea-Bissau,2442,2019
Guyana,13402,2019
Haiti,3392,2019
Honduras,6264,2019
Hong Kong,65388,2019
Hungary,37663,2019
Iceland,64826,2019
India,7930,2019
Indonesia,12758,2019
Iran,14841,2019
Iraq,14910,2019
Ireland,96371,2019
Isle of Man,NA,2019
Israel,44581,2019
Italy,49691,2019
Jamaica,10816,2019
Japan,44731,2019
Jersey,NA,2019
Jordan,9289,2019
Kazakhstan,33298,2019
Kenya,5172,2019
Kiribati,2927,2019
Kosovo,11774,2019
Kuwait,51381,2019
Kyrgyzstan,6088,2019
Laos,8075,2019
Latvia,35208,2019
Lebanon,15660,2019
Lesotho,2773,2019
Liberia,1576,2019
Libya,14337,2019
Liechtenstein,NA,2019
Lithuania,43062,2019
Luxembourg,132725,2019
Macao,133454,2019
Madagascar,1708,2019
Malawi,1687,2019
Malaysia,31301,2019
Maldives,21856,2019
Mali,2916,2019
Malta,53391,2019
Marshall Islands,6405,2019
Martinique,NA,2019
Mauritania,6162,2019
Mauritius,26048,2019
Mayotte,NA,2019
Mexico,21704,2019
Micronesia (country),3940,2019
Moldova,14621,2019
Monaco,NA,2019
Mongolia,15791,2019
Montenegro,24585,2019
Montserrat,NA,2019
Morocco,8768,2019
Mozambique,1529,2019
Myanmar,6563,2019
Namibia,10813,2019
Nauru,11183,2019
Nepal,4608,2019
Netherlands,67848,2019
New Caledonia,NA,2019
New Zealand,47362,2019
Nicaragua,6757,2019
Niger,1613,2019
Nigeria,8362,2019
Niue,NA,2019
Norfolk Island,NA,2019
North Korea,NA,2019
North Macedonia,21767,2019
Northern Mariana Islands,NA,2019
Norway,87726,2019
Oman,38292,2019
Pakistan,5296,2019
Palau,19519,2019
Palestine,6270,2019
Panama,33164,2019
Papua New Guinea,4302,2019
Paraguay,15321,2019
Peru,15464,2019
Philippines,9452,2019
Pitcairn,NA,2019
Poland,38182,2019
Portugal,40188,2019
Puerto Rico,41656,2019
Qatar,113161,2019
Reunion,NA,2019
Romania,36400,2019
Russia,37319,2019
Rwanda,2667,2019
Saint Barthelemy,NA,2019
Saint Helena,NA,2019
Saint Kitts and Nevis,31512,2019
Saint Lucia,22738,2019
Saint Martin (French part),NA,2019
Saint Pierre and Miquelon,NA,2019
Saint Vincent and the Grenadines,16365,2019
Samoa,7034,2019
San Marino,60171,2019
Sao Tome and Principe,5702,2019
Saudi Arabia,62648,2019
Senegal,4071,2019
Serbia,21541,2019
Seychelles,34346,2019
Sierra Leone,2853,2019
Singapore,120114,2019
Sint Maarten (Dutch part),45997,2019
Slovakia,37210,2019
Slovenia,44570,2019
Solomon Islands,2662,2019
Somalia,1491,2019
South Africa,14353,2019
South Georgia and the South Sandwich Islands,NA,2019
South Korea,49791,2019
South Sudan,NA,2019
Spain,46896,2019
Sri Lanka,14637,2019
Sudan,3626,2019
Suriname,22967,2019
Sweden,61602,2019
Switzerland,79597,2019
Syria,4825,2019
Taiwan,NA,2019
Tajikistan,3650,2019
Tanzania,3485,2019
Thailand,21278,2019
Togo,2578,2019
Tokelau,NA,2019
Tonga,6859,2019
Trinidad and Tobago,33749,2019
Tunisia,13244,2019
Turkey,28741,2019
Turkmenistan,15231,2019
Turks and Caicos Islands,30611,2019
Tuvalu,5292,2019
Uganda,2689,2019
Ukraine,17637,2019
United Arab Emirates,72823,2019
United Kingdom,52516,2019
United States,69113,2019
United States Virgin Islands,45633,2019
Uruguay,30011,2019
Uzbekistan,8755,2019
Vanuatu,3512,2019
Vatican,NA,2019
Venezuela,NA,2019
Vietnam,11629,2019
Wallis and Futuna,NA,2019
Western Sahara,NA,2019
Yemen,NA,2019
Zambia,3592,2019
Zimbabwe,4994,2019
Afghanistan,2770,2020
Aland Islands,NA,2020
Albania,16458,2020
Algeria,14194,2020
American Samoa,NA,2020
Andorra,55488,2020
Angola,8960,2020
Anguilla,NA,2020
Antigua and Barbuda,23931,2020
Argentina,23877,2020
Armenia,15053,2020
Aruba,30348,2020
Australia,57260,2020
Austria,60276,2020
Azerbaijan,19126,2020
Bahamas,26453,2020
Bahrain,53814,2020
Bangladesh,7015,2020
Barbados,17728,2020
Belarus,26731,2020
Belgium,57334,2020
Belize,10045,2020
Benin,3318,2020
Bermuda,88618,2020
Bhutan,12980,2020
Bolivia,10286,2020
Bonaire Sint Eustatius and Saba,NA,2020
Bosnia and Herzegovina,16747,2020
Botswana,16289,2020
Brazil,17328,2020
British Indian Ocean Territory,NA,2020
British Virgin Islands,NA,2020
Brunei,80281,2020
Bulgaria,28521,2020
Burkina Faso,2381,2020
Burundi,1031,2020
Cambodia,6129,2020
Cameroon,4763,2020
Canada,54093,2020
Cape Verde,7208,2020
Cayman Islands,72183,2020
Central African Republic,1137,2020
Chad,2513,2020
Chile,26249,2020
China,19215,2020
Christmas Island,NA,2020
Cocos Islands,NA,2020
Colombia,15862,2020
Comoros,3378,2020
Congo,6351,2020
Cook Islands,NA,2020
Costa Rica,22212,2020
Cote d'Ivoire,5788,2020
Croatia,32493,2020
Cuba,NA,2020
Curacao,23670,2020
Cyprus,43403,2020
Czechia,45120,2020
Democratic Republic of Congo,1361,2020
Denmark,65744,2020
Djibouti,5791,2020
Dominica,14920,2020
Dominican Republic,19545,2020
East Timor,6595,2020
Ecuador,12440,2020
Egypt,15309,2020
El Salvador,9692,2020
Equatorial Guinea,17089,2020
Eritrea,NA,2020
Estonia,40921,2020
Eswatini,9696,2020
Ethiopia,2517,2020
Falkland Islands,NA,2020
Faroe Islands,66033,2020
Fiji,10812,2020
Finland,55425,2020
France,49311,2020
French Guiana,NA,2020
French Polynesia,NA,2020
Gabon,18681,2020
Gambia,2702,2020
Georgia,17031,2020
Germany,60203,2020
Ghana,6413,2020
Gibraltar,NA,2020
Greece,30487,2020
Greenland,68534,2020
Grenada,14648,2020
Guadeloupe,NA,2020
Guam,NA,2020
Guatemala,11097,2020
Guernsey,NA,2020
Guinea,3631,2020
Guinea-Bissau,2456,2020
Guyana,19234,2020
Haiti,3240,2020
Honduras,5603,2020
Hong Kong,61329,2020
Hungary,36120,2020
Iceland,59544,2020
India,7400,2020
Indonesia,12389,2020
Iran,15382,2020
Iraq,12828,2020
Ireland,101969,2020
Isle of Man,NA,2020
Israel,42916,2020
Italy,45505,2020
Jamaica,9892,2020
Japan,42992,2020
Jersey,NA,2020
Jordan,9023,2020
Kazakhstan,32012,2020
Kenya,5057,2020
Kiribati,2835,2020
Kosovo,11138,2020
Kuwait,49373,2020
Kyrgyzstan,5538,2020
Laos,7996,2020
Latvia,34226,2020
Lebanon,12507,2020
Lesotho,2517,2020
Liberia,1497,2020
Libya,9979,2020
Liechtenstein,NA,2020
Lithuania,43092,2020
Luxembourg,129866,2020
Macao,59662,2020
Madagascar,1546,2020
Malawi,1656,2020
Malaysia,29200,2020
Maldives,14243,2020
Mali,2796,2020
Malta,50388,2020
Marshall Islands,6417,2020
Martinique,NA,2020
Mauritania,5963,2020
Mauritius,22258,2020
Mayotte,NA,2020
Mexico,19728,2020
Micronesia (country),3852,2020
Moldova,13559,2020
Monaco,NA,2020
Mongolia,14801,2020
Montenegro,20905,2020
Montserrat,NA,2020
Morocco,8055,2020
Mozambique,1466,2020
Myanmar,5927,2020
Namibia,9652,2020
Nauru,11305,2020
Nepal,4413,2020
Netherlands,64862,2020
New Caledonia,NA,2020
New Zealand,46266,2020
Nicaragua,6523,2020
Niger,1616,2020
Nigeria,7664,2020
Niue,NA,2020
Norfolk Island,NA,2020
North Korea,NA,2020
North Macedonia,20972,2020
Northern Mariana Islands,NA,2020
Norway,86096,2020
Oman,37561,2020
Pakistan,5135,2020
Palau,18184,2020
Palestine,5424,2020
Panama,26882,2020
Papua New Guinea,4078,2020
Paraguay,14992,2020
Peru,13610,2020
Philippines,8455,2020
Pitcairn,NA,2020
Poland,37853,2020
Portugal,36852,2020
Puerto Rico,40171,2020
Qatar,103062,2020
Reunion,NA,2020
Romania,35284,2020
Russia,36376,2020
Rwanda,2520,2020
Saint Barthelemy,NA,2020
Saint Helena,NA,2020
Saint Kitts and Nevis,26737,2020
Saint Lucia,17142,2020
Saint Martin (French part),NA,2020
Saint Pierre and Miquelon,NA,2020
Saint Vincent and the Grenadines,15764,2020
Samoa,6745,2020
San Marino,55998,2020
Sao Tome and Principe,5743,2020
Saudi Arabia,57421,2020
Senegal,4018,2020
Serbia,21479,2020
Seychelles,30056,2020
Sierra Leone,2753,2020
Singapore,115893,2020
Sint Maarten (Dutch part),39266,2020
Slovakia,36216,2020
Slovenia,42464,2020
Solomon Islands,2515,2020
Somalia,1396,2020
South Africa,13251,2020
South Georgia and the South Sandwich Islands,NA,2020
South Korea,49374,2020
South Sudan,NA,2020
Spain,41553,2020
Sri Lanka,13887,2020
Sudan,3401,2020
Suriname,19091,2020
Sweden,59975,2020
Switzerland,77325,2020
Syria,4633,2020
Taiwan,NA,2020
Tajikistan,3725,2020
Tanzania,3450,2020
Thailand,19957,2020
Togo,2570,2020
Tokelau,NA,2020
Tonga,6980,2020
Trinidad and Tobago,30721,2020
Tunisia,11956,2020
Turkey,28977,2020
Turkmenistan,15791,2020
Turks and Caicos Islands,19703,2020
Tuvalu,5154,2020
Uganda,2678,2020
Ukraine,17093,2020
United Arab Emirates,66809,2020
United Kingdom,47159,2020
United States,67342,2020
United States Virgin Islands,45056,2020
Uruguay,27788,2020
Uzbekistan,8727,2020
Vanuatu,3260,2020
Vatican,NA,2020
Venezuela,NA,2020
Vietnam,11851,2020
Wallis and Futuna,NA,2020
Western Sahara,NA,2020
Yemen,NA,2020
Zambia,3392,2020
Zimbabwe,4528,2020
Afghanistan,2144,2021
Aland Islands,NA,2021
Albania,18213,2021
Algeria,14497,2021
American Samoa,NA,2021
Andorra,59332,2021
Angola,8862,2021
Anguilla,NA,2021
Antigua and Barbuda,25745,2021
Argentina,26300,2021
Armenia,15922,2021
Aruba,35105,2021
Australia,58327,2021
Austria,62969,2021
Azerbaijan,20111,2021
Bahamas,31065,2021
Bahrain,54955,2021
Bangladesh,7441,2021
Barbados,17683,2021
Belarus,27611,2021
Belgium,60669,2021
Belize,11716,2021
Benin,3464,2021
Bermuda,92320,2021
Bhutan,13459,2021
Bolivia,11202,2021
Bonaire Sint Eustatius and Saba,NA,2021
Bosnia and Herzegovina,18287,2021
Botswana,17961,2021
Brazil,18076,2021
British Indian Ocean Territory,NA,2021
British Virgin Islands,NA,2021
Brunei,78249,2021
Bulgaria,30959,2021
Burkina Faso,2486,2021
Burundi,1036,2021
Cambodia,6226,2021
Cameroon,4794,2021
Canada,56995,2021
Cape Verde,7685,2021
Cayman Islands,74160,2021
Central African Republic,1129,2021
Chad,2435,2021
Chile,29090,2021
China,20843,2021
Christmas Island,NA,2021
Cocos Islands,NA,2021
Colombia,17383,2021
Comoros,3378,2021
Congo,6263,2021
Cook Islands,NA,2021
Costa Rica,23853,2021
Cote d'Ivoire,6045,2021
Croatia,36930,2021
Cuba,NA,2021
Curacao,24906,2021
Cyprus,47633,2021
Czechia,47796,2021
Democratic Republic of Congo,1402,2021
Denmark,69715,2021
Djibouti,5960,2021
Dominica,15809,2021
Dominican Republic,22053,2021
East Timor,6825,2021
Ecuador,13507,2021
Egypt,15579,2021
El Salvador,10810,2021
Equatorial Guinea,16821,2021
Eritrea,NA,2021
Estonia,44252,2021
Eswatini,9990,2021
Ethiopia,2588,2021
Falkland Islands,NA,2021
Faroe Islands,68427,2021
Fiji,10322,2021
Finland,56790,2021
France,52517,2021
French Guiana,NA,2021
French Polynesia,NA,2021
Gabon,18524,2021
Gambia,2778,2021
Georgia,18916,2021
Germany,62531,2021
Ghana,6608,2021
Gibraltar,NA,2021
Greece,33531,2021
Greenland,69302,2021
Grenada,15290,2021
Guadeloupe,NA,2021
Guam,NA,2021
Guatemala,11825,2021
Guernsey,NA,2021
Guinea,3739,2021
Guinea-Bissau,2523,2021
Guyana,22866,2021
Haiti,3145,2021
Honduras,6203,2021
Hong Kong,65885,2021
Hungary,38887,2021
Iceland,61610,2021
India,8050,2021
Indonesia,12757,2021
Iran,15884,2021
Iraq,12732,2021
Ireland,116904,2021
Isle of Man,NA,2021
Israel,46162,2021
Italy,49825,2021
Jamaica,10431,2021
Japan,44355,2021
Jersey,NA,2021
Jordan,9182,2021
Kazakhstan,32946,2021
Kenya,5339,2021
Kiribati,3020,2021
Kosovo,12362,2021
Kuwait,50652,2021
Kyrgyzstan,5736,2021
Laos,8080,2021
Latvia,36912,2021
Lebanon,11600,2021
Lesotho,2545,2021
Liberia,1539,2021
Libya,12642,2021
Liechtenstein,NA,2021
Lithuania,45874,2021
Luxembourg,136772,2021
Macao,73374,2021
Madagascar,1577,2021
Malawi,1688,2021
Malaysia,29823,2021
Maldives,19053,2021
Mali,2796,2021
Malta,56852,2021
Marshall Islands,6768,2021
Martinique,NA,2021
Mauritania,5837,2021
Mauritius,23010,2021
Mayotte,NA,2021
Mexico,20783,2021
Micronesia (country),3946,2021
Moldova,15682,2021
Monaco,NA,2021
Mongolia,14792,2021
Montenegro,23690,2021
Montserrat,NA,2021
Morocco,8623,2021
Mozambique,1457,2021
Myanmar,5178,2021
Namibia,9709,2021
Nauru,12112,2021
Nepal,4546,2021
Netherlands,68574,2021
New Caledonia,NA,2021
New Zealand,48249,2021
Nicaragua,7119,2021
Niger,1586,2021
Nigeria,7588,2021
Niue,NA,2021
Norfolk Island,NA,2021
North Korea,NA,2021
North Macedonia,22144,2021
Northern Mariana Islands,NA,2021
Norway,88984,2021
Oman,38719,2021
Pakistan,5367,2021
Palau,15781,2021
Palestine,5663,2021
Panama,30933,2021
Papua New Guinea,3977,2021
Paraguay,15406,2021
Peru,15281,2021
Philippines,8858,2021
Pitcairn,NA,2021
Poland,41060,2021
Portugal,38658,2021
Puerto Rico,40559,2021
Qatar,116833,2021
Reunion,NA,2021
Romania,37534,2021
Russia,38638,2021
Rwanda,2733,2021
Saint Barthelemy,NA,2021
Saint Helena,NA,2021
Saint Kitts and Nevis,26897,2021
Saint Lucia,19101,2021
Saint Martin (French part),NA,2021
Saint Pierre and Miquelon,NA,2021
Saint Vincent and the Grenadines,16201,2021
Samoa,6350,2021
San Marino,64745,2021
Sao Tome and Principe,5733,2021
Saudi Arabia,62690,2021
Senegal,4174,2021
Serbia,23406,2021
Seychelles,29980,2021
Sierra Leone,2849,2021
Singapore,132617,2021
Sint Maarten (Dutch part),40507,2021
Slovakia,38346,2021
Slovenia,45914,2021
Solomon Islands,2450,2021
Somalia,1392,2021
South Africa,13682,2021
South Georgia and the South Sandwich Islands,NA,2021
South Korea,51718,2021
South Sudan,NA,2021
Spain,44252,2021
Sri Lanka,14316,2021
Sudan,3249,2021
Suriname,18458,2021
Sweden,62732,2021
Switzerland,81001,2021
Syria,4593,2021
Taiwan,NA,2021
Tajikistan,3986,2021
Tanzania,3493,2021
Thailand,20243,2021
Togo,2639,2021
Tokelau,NA,2021
Tonga,6929,2021
Trinidad and Tobago,30482,2021
Tunisia,12444,2021
Turkey,32106,2021
Turkmenistan,16434,2021
Turks and Caicos Islands,25056,2021
Tuvalu,5353,2021
Uganda,2685,2021
Ukraine,17846,2021
United Arab Emirates,68580,2021
United Kingdom,51004,2021
United States,71307,2021
United States Virgin Islands,46894,2021
Uruguay,29432,2021
Uzbekistan,9248,2021
Vanuatu,3136,2021
Vatican,NA,2021
Venezuela,NA,2021
Vietnam,12049,2021
Wallis and Futuna,NA,2021
Western Sahara,NA,2021
Yemen,NA,2021
Zambia,3503,2021
Zimbabwe,4827,2021
Afghanistan,1982,2022
Aland Islands,NA,2022
Albania,19389,2022
Algeria,14782,2022
American Samoa,NA,2022
Andorra,63913,2022
Angola,8950,2022
Anguilla,NA,2022
Antigua and Barbuda,27942,2022
Argentina,27825,2022
Armenia,17886,2022
Aruba,38980,2022
Australia,60029,2022
Austria,65695,2022
Azerbaijan,21051,2022
Bahamas,34343,2022
Bahrain,57573,2022
Bangladesh,7888,2022
Barbados,20716,2022
Belarus,26538,2022
Belgium,62562,2022
Belize,12565,2022
Benin,3588,2022
Bermuda,98145,2022
Bhutan,14061,2022
Bolivia,11488,2022
Bonaire Sint Eustatius and Saba,NA,2022
Bosnia and Herzegovina,19298,2022
Botswana,18647,2022
Brazil,18554,2022
British Indian Ocean Territory,NA,2022
British Virgin Islands,NA,2022
Brunei,76358,2022
Bulgaria,32434,2022
Burkina Faso,2469,2022
Burundi,1031,2022
Cambodia,6458,2022
Cameroon,4844,2022
Canada,58321,2022
Cape Verde,8850,2022
Cayman Islands,76819,2022
Central African Republic,1137,2022
Chad,2449,2022
Chile,29569,2022
China,21499,2022
Christmas Island,NA,2022
Cocos Islands,NA,2022
Colombia,18459,2022
Comoros,3399,2022
Congo,6205,2022
Cook Islands,NA,2022
Costa Rica,24832,2022
Cote d'Ivoire,6272,2022
Croatia,39864,2022
Cuba,NA,2022
Curacao,26735,2022
Cyprus,50624,2022
Czechia,48391,2022
Democratic Republic of Congo,1484,2022
Denmark,69475,2022
Djibouti,6181,2022
Dominica,17551,2022
Dominican Republic,22987,2022
East Timor,5348,2022
Ecuador,14187,2022
Egypt,16360,2022
El Salvador,11086,2022
Equatorial Guinea,16933,2022
Eritrea,NA,2022
Estonia,43129,2022
Eswatini,9928,2022
Ethiopia,2656,2022
Falkland Islands,NA,2022
Faroe Islands,70257,2022
Fiji,12118,2022
Finland,57068,2022
France,53674,2022
French Guiana,NA,2022
French Polynesia,NA,2022
Gabon,18662,2022
Gambia,2863,2022
Georgia,20967,2022
Germany,63676,2022
Ghana,6728,2022
Gibraltar,NA,2022
Greece,35831,2022
Greenland,70681,2022
Grenada,16376,2022
Guadeloupe,NA,2022
Guam,NA,2022
Guatemala,12148,2022
Guernsey,NA,2022
Guinea,3792,2022
Guinea-Bissau,2603,2022
Guyana,37068,2022
Haiti,3057,2022
Honduras,6353,2022
Hong Kong,64037,2022
Hungary,40611,2022
Iceland,65380,2022
India,8594,2022
Indonesia,13334,2022
Iran,16378,2022
Iraq,13433,2022
Ireland,123219,2022
Isle of Man,NA,2022
Israel,48098,2022
Italy,52333,2022
Jamaica,11097,2022
Japan,44972,2022
Jersey,NA,2022
Jordan,9267,2022
Kazakhstan,33506,2022
Kenya,5492,2022
Kiribati,3108,2022
Kosovo,13022,2022
Kuwait,51380,2022
Kyrgyzstan,6140,2022
Laos,8183,2022
Latvia,37719,2022
Lebanon,11475,2022
Lesotho,2578,2022
Liberia,1579,2022
Libya,11450,2022
Liechtenstein,NA,2022
Lithuania,46651,2022
Luxembourg,132571,2022
Macao,59921,2022
Madagascar,1603,2022
Malawi,1660,2022
Malaysia,32129,2022
Maldives,21358,2022
Mali,2814,2022
Malta,56842,2022
Marshall Islands,6937,2022
Martinique,NA,2022
Mauritania,6053,2022
Mauritius,25086,2022
Mayotte,NA,2022
Mexico,21392,2022
Micronesia (country),3815,2022
Moldova,15358,2022
Monaco,NA,2022
Mongolia,15310,2022
Montenegro,25583,2022
Montserrat,NA,2022
Morocco,8690,2022
Mozambique,1477,2022
Myanmar,5350,2022
Namibia,9953,2022
Nauru,12364,2022
Nepal,4763,2022
Netherlands,71324,2022
New Caledonia,NA,2022
New Zealand,49964,2022
Nicaragua,7278,2022
Niger,1718,2022
Nigeria,7752,2022
Niue,NA,2022
Norfolk Island,NA,2022
North Korea,NA,2022
North Macedonia,22822,2022
Northern Mariana Islands,NA,2022
Norway,91051,2022
Oman,39780,2022
Pakistan,5526,2022
Palau,16041,2022
Palestine,5753,2022
Panama,33915,2022
Papua New Guinea,4125,2022
Paraguay,15259,2022
Peru,15560,2022
Philippines,9457,2022
Pitcairn,NA,2022
Poland,43405,2022
Portugal,41071,2022
Puerto Rico,42311,2022
Qatar,114740,2022
Reunion,NA,2022
Romania,39257,2022
Russia,38214,2022
Rwanda,2892,2022
Saint Barthelemy,NA,2022
Saint Helena,NA,2022
Saint Kitts and Nevis,29750,2022
Saint Lucia,22962,2022
Saint Martin (French part),NA,2022
Saint Pierre and Miquelon,NA,2022
Saint Vincent and the Grenadines,16835,2022
Samoa,6449,2022
San Marino,70888,2022
Sao Tome and Principe,5632,2022
Saudi Arabia,67179,2022
Senegal,4229,2022
Serbia,24652,2022
Seychelles,27978,2022
Sierra Leone,2935,2022
Singapore,133572,2022
Sint Maarten (Dutch part),45516,2022
Slovakia,38665,2022
Slovenia,47050,2022
Solomon Islands,2330,2022
Somalia,1388,2022
South Africa,13767,2022
South Georgia and the South Sandwich Islands,NA,2022
South Korea,53229,2022
South Sudan,NA,2022
Spain,46733,2022
Sri Lanka,13249,2022
Sudan,3132,2022
Suriname,18743,2022
Sweden,63088,2022
Switzerland,82777,2022
Syria,4455,2022
Taiwan,NA,2022
Tajikistan,4214,2022
Tanzania,3547,2022
Thailand,20763,2022
Togo,2740,2022
Tokelau,NA,2022
Tonga,6811,2022
Trinidad and Tobago,30784,2022
Tunisia,12712,2022
Turkey,33521,2022
Turkmenistan,17120,2022
Turks and Caicos Islands,28210,2022
Tuvalu,5498,2022
Uganda,2725,2022
Ukraine,13787,2022
United Arab Emirates,70076,2022
United Kingdom,53139,2022
United States,72679,2022
United States Virgin Islands,46479,2022
Uruguay,30805,2022
Uzbekistan,9608,2022
Vanuatu,3223,2022
Vatican,NA,2022
Venezuela,NA,2022
Vietnam,12980,2022
Wallis and Futuna,NA,2022
Western Sahara,NA,2022
Yemen,NA,2022
Zambia,3585,2022
Zimbabwe,5037,2022
Afghanistan,1984,2023
Aland Islands,NA,2023
Albania,20481,2023
Algeria,15159,2023
American Samoa,NA,2023
Andorra,64631,2023
Angola,8788,2023
Anguilla,NA,2023
Antigua and Barbuda,28474,2023
Argentina,27230,2023
Armenia,19403,2023
Aruba,41965,2023
Australia,60685,2023
Austria,64536,2023
Azerbaijan,21311,2023
Bahamas,35221,2023
Bahrain,57820,2023
Bangladesh,8242,2023
Barbados,21319,2023
Belarus,27782,2023
Belgium,63095,2023
Belize,12371,2023
Benin,3721,2023
Bermuda,103052,2023
Bhutan,14610,2023
Bolivia,11616,2023
Bonaire Sint Eustatius and Saba,NA,2023
Bosnia and Herzegovina,19805,2023
Botswana,18932,2023
Brazil,19080,2023
British Indian Ocean Territory,NA,2023
British Virgin Islands,NA,2023
Brunei,76617,2023
Bulgaria,33074,2023
Burkina Faso,2486,2023
Burundi,1036,2023
Cambodia,6695,2023
Cameroon,4875,2023
Canada,57517,2023
Cape Verde,9228,2023
Cayman Islands,79676,2023
Central African Republic,1133,2023
Chad,2433,2023
Chile,29564,2023
China,22687,2023
Christmas Island,NA,2023
Cocos Islands,NA,2023
Colombia,18383,2023
Comoros,3434,2023
Congo,6172,2023
Cook Islands,NA,2023
Costa Rica,25980,2023
Cote d'Ivoire,6521,2023
Croatia,41320,2023
Cuba,NA,2023
Curacao,27618,2023
Cyprus,51454,2023
Czechia,47558,2023
Democratic Republic of Congo,1559,2023
Denmark,69379,2023
Djibouti,6511,2023
Dominica,18278,2023
Dominican Republic,23282,2023
East Timor,4331,2023
Ecuador,14343,2023
Egypt,16691,2023
El Salvador,11425,2023
Equatorial Guinea,15688,2023
Eritrea,NA,2023
Estonia,41289,2023
Eswatini,10182,2023
Ethiopia,2758,2023
Falkland Islands,NA,2023
Faroe Islands,71807,2023
Fiji,13195,2023
Finland,56251,2023
France,54297,2023
French Guiana,NA,2023
French Polynesia,NA,2023
Gabon,18701,2023
Gambia,2964,2023
Georgia,22591,2023
Germany,63039,2023
Ghana,6809,2023
Gibraltar,NA,2023
Greece,36701,2023
Greenland,71038,2023
Grenada,17093,2023
Guadeloupe,NA,2023
Guam,NA,2023
Guatemala,12385,2023
Guernsey,NA,2023
Guinea,3905,2023
Guinea-Bissau,2694,2023
Guyana,49312,2023
Haiti,2966,2023
Honduras,6468,2023
Hong Kong,64435,2023
Hungary,40333,2023
Iceland,68118,2023
India,9302,2023
Indonesia,13890,2023
Iran,17045,2023
Iraq,13202,2023
Ireland,117862,2023
Isle of Man,NA,2023
Israel,47527,2023
Italy,52870,2023
Jamaica,11399,2023
Japan,45859,2023
Jersey,NA,2023
Jordan,9381,2023
Kazakhstan,34703,2023
Kenya,5692,2023
Kiribati,3141,2023
Kosovo,14240,2023
Kuwait,47777,2023
Kyrgyzstan,6576,2023
Laos,8372,2023
Latvia,37278,2023
Lebanon,11330,2023
Lesotho,2596,2023
Liberia,1617,2023
Libya,12477,2023
Liechtenstein,NA,2023
Lithuania,46160,2023
Luxembourg,130049,2023
Macao,104815,2023
Madagascar,1629,2023
Malawi,1649,2023
Malaysia,32858,2023
Maldives,22333,2023
Mali,2860,2023
Malta,60418,2023
Marshall Islands,6802,2023
Martinique,NA,2023
Mauritania,6276,2023
Mauritius,26635,2023
Mayotte,NA,2023
Mexico,21917,2023
Micronesia (country),3815,2023
Moldova,15990,2023
Monaco,NA,2023
Mongolia,16223,2023
Montenegro,27244,2023
Montserrat,NA,2023
Morocco,8915,2023
Mozambique,1512,2023
Myanmar,5364,2023
Namibia,10138,2023
Nauru,12373,2023
Nepal,4861,2023
Netherlands,70199,2023
New Caledonia,NA,2023
New Zealand,49508,2023
Nicaragua,7497,2023
Niger,1690,2023
Nigeria,7844,2023
Niue,NA,2023
Norfolk Island,NA,2023
North Korea,NA,2023
North Macedonia,23455,2023
Northern Mariana Islands,NA,2023
Norway,90085,2023
Oman,37794,2023
Pakistan,5419,2023
Palau,16426,2023
Palestine,5361,2023
Panama,35873,2023
Papua New Guinea,4206,2023
Paraguay,15826,2023
Peru,15328,2023
Philippines,9899,2023
Pitcairn,NA,2023
Poland,43673,2023
Portugal,41768,2023
Puerto Rico,42838,2023
Qatar,116564,2023
Reunion,NA,2023
Romania,40117,2023
Russia,39887,2023
Rwanda,3063,2023
Saint Barthelemy,NA,2023
Saint Helena,NA,2023
Saint Kitts and Nevis,30617,2023
Saint Lucia,23404,2023
Saint Martin (French part),NA,2023
Saint Pierre and Miquelon,NA,2023
Saint Vincent and the Grenadines,17858,2023
Samoa,7384,2023
San Marino,70952,2023
Sao Tome and Principe,5541,2023
Saudi Arabia,64482,2023
Senegal,4305,2023
Serbia,25735,2023
Seychelles,28635,2023
Sierra Leone,3035,2023
Singapore,129555,2023
Sint Maarten (Dutch part),46571,2023
Slovakia,39518,2023
Slovenia,47977,2023
Solomon Islands,2340,2023
Somalia,1402,2023
South Africa,13695,2023
South Georgia and the South Sandwich Islands,NA,2023
South Korea,54029,2023
South Sudan,NA,2023
Spain,47323,2023
Sri Lanka,13025,2023
Sudan,2181,2023
Suriname,19021,2023
Sweden,62663,2023
Switzerland,82295,2023
Syria,4455,2023
Taiwan,NA,2023
Tajikistan,4472,2023
Tanzania,3621,2023
Thailand,21191,2023
Togo,2842,2023
Tokelau,NA,2023
Tonga,7030,2023
Trinidad and Tobago,31197,2023
Tunisia,12651,2023
Turkey,35069,2023
Turkmenistan,17866,2023
Turks and Caicos Islands,31839,2023
Tuvalu,5812,2023
Uganda,2791,2023
Ukraine,15917,2023
United Arab Emirates,70240,2023
United Kingdom,52593,2023
United States,74159,2023
United States Virgin Islands,46479,2023
Uruguay,31059,2023
Uzbekistan,10008,2023
Vanuatu,3215,2023
Vatican,NA,2023
Venezuela,NA,2023
Vietnam,13546,2023
Wallis and Futuna,NA,2023
Western Sahara,NA,2023
Yemen,NA,2023
Zambia,3673,2023
Zimbabwe,5218,2023
Afghanistan,1984,2024
Aland Islands,NA,2024
Albania,21641,2024
Algeria,15502,2024
American Samoa,NA,2024
Andorra,65928,2024
Angola,8902,2024
Anguilla,NA,2024
Antigua and Barbuda,29372,2024
Argentina,26772,2024
Armenia,20079,2024
Aruba,44559,2024
Australia,60304,2024
Austria,63788,2024
Azerbaijan,22072,2024
Bahamas,36244,2024
Bahrain,58892,2024
Bangladesh,8487,2024
Barbados,21838,2024
Belarus,29041,2024
Belgium,63348,2024
Belize,12621,2024
Benin,3901,2024
Bermuda,109312,2024
Bhutan,14610,2024
Bolivia,11329,2024
Bonaire Sint Eustatius and Saba,NA,2024
Bosnia and Herzegovina,20528,2024
Botswana,18069,2024
Brazil,19652,2024
British Indian Ocean Territory,NA,2024
British Virgin Islands,NA,2024
Brunei,79072,2024
Bulgaria,34222,2024
Burkina Faso,2548,2024
Burundi,1051,2024
Cambodia,7009,2024
Cameroon,4917,2024
Canada,56707,2024
Cape Verde,9849,2024
Cayman Islands,79676,2024
Central African Republic,1111,2024
Chad,2413,2024
Chile,30183,2024
China,23846,2024
Christmas Island,NA,2024
Cocos Islands,NA,2024
Colombia,18477,2024
Comoros,3483,2024
Congo,6181,2024
Cook Islands,NA,2024
Costa Rica,26973,2024
Cote d'Ivoire,6747,2024
Croatia,42829,2024
Cuba,NA,2024
Curacao,28762,2024
Cyprus,52636,2024
Czechia,47964,2024
Democratic Republic of Congo,1602,2024
Denmark,71431,2024
Djibouti,6871,2024
Dominica,18739,2024
Dominican Republic,24230,2024
East Timor,3891,2024
Ecuador,13936,2024
Egypt,16798,2024
El Salvador,11669,2024
Equatorial Guinea,15454,2024
Eritrea,NA,2024
Estonia,41190,2024
Eswatini,10380,2024
Ethiopia,2892,2024
Falkland Islands,NA,2024
Faroe Islands,72060,2024
Fiji,13592,2024
Finland,56123,2024
France,54799,2024
French Guiana,NA,2024
French Polynesia,NA,2024
Gabon,18924,2024
Gambia,3058,2024
Georgia,24884,2024
Germany,62555,2024
Ghana,7056,2024
Gibraltar,NA,2024
Greece,37474,2024
Greenland,71038,2024
Grenada,17752,2024
Guadeloupe,NA,2024
Guam,NA,2024
Guatemala,12641,2024
Guernsey,NA,2024
Guinea,4016,2024
Guinea-Bissau,2744,2024
Guyana,70517,2024
Haiti,2810,2024
Honduras,6586,2024
Hong Kong,66154,2024
Hungary,40687,2024
Iceland,67310,2024
India,9818,2024
Indonesia,14470,2024
Iran,17484,2024
Iraq,12725,2024
Ireland,119038,2024
Isle of Man,NA,2024
Israel,47339,2024
Italy,53265,2024
Jamaica,11340,2024
Japan,46107,2024
Jersey,NA,2024
Jordan,9520,2024
Kazakhstan,35974,2024
Kenya,5845,2024
Kiribati,3257,2024
Kosovo,15716,2024
Kuwait,46137,2024
Kyrgyzstan,7049,2024
Laos,8600,2024
Latvia,37612,2024
Lebanon,11330,2024
Lesotho,2640,2024
Liberia,1646,2024
Libya,12584,2024
Liechtenstein,NA,2024
Lithuania,47165,2024
Luxembourg,128475,2024
Macao,111694,2024
Madagascar,1657,2024
Malawi,1634,2024
Malaysia,34116,2024
Maldives,23034,2024
Mali,2916,2024
Malta,62700,2024
Marshall Islands,7209,2024
Martinique,NA,2024
Mauritania,6483,2024
Mauritius,28011,2024
Mayotte,NA,2024
Mexico,22040,2024
Micronesia (country),3824,2024
Moldova,16377,2024
Monaco,NA,2024
Mongolia,16843,2024
Montenegro,28106,2024
Montserrat,NA,2024
Morocco,9163,2024
Mozambique,1500,2024
Myanmar,5276,2024
Namibia,10281,2024
Nauru,12469,2024
Nepal,5047,2024
Netherlands,70499,2024
New Caledonia,NA,2024
New Zealand,49316,2024
Nicaragua,7662,2024
Niger,1803,2024
Nigeria,7994,2024
Niue,NA,2024
Norfolk Island,NA,2024
North Korea,NA,2024
North Macedonia,24203,2024
Northern Mariana Islands,NA,2024
Norway,91105,2024
Oman,36721,2024
Pakistan,5500,2024
Palau,16426,2024
Palestine,3846,2024
Panama,36395,2024
Papua New Guinea,4289,2024
Paraguay,16296,2024
Peru,15662,2024
Philippines,10376,2024
Pitcairn,NA,2024
Poland,45153,2024
Portugal,42197,2024
Puerto Rico,44206,2024
Qatar,110890,2024
Reunion,NA,2024
Romania,40504,2024
Russia,41705,2024
Rwanda,3265,2024
Saint Barthelemy,NA,2024
Saint Helena,NA,2024
Saint Kitts and Nevis,30656,2024
Saint Lucia,24252,2024
Saint Martin (French part),NA,2024
Saint Pierre and Miquelon,NA,2024
Saint Vincent and the Grenadines,18714,2024
Samoa,7686,2024
San Marino,70952,2024
Sao Tome and Principe,5491,2024
Saudi Arabia,62793,2024
Senegal,4461,2024
Serbia,26901,2024
Seychelles,29242,2024
Sierra Leone,3099,2024
Singapore,132570,2024
Sint Maarten (Dutch part),47303,2024
Slovakia,40319,2024
Slovenia,48649,2024
Solomon Islands,2353,2024
Somalia,1409,2024
South Africa,13598,2024
South Georgia and the South Sandwich Islands,NA,2024
South Korea,55071,2024
South Sudan,NA,2024
Spain,48460,2024
Sri Lanka,13753,2024
Sudan,1861,2024
Suriname,19179,2024
Sweden,62979,2024
Switzerland,82286,2024
Syria,4455,2024
Taiwan,NA,2024
Tajikistan,4756,2024
Tanzania,3713,2024
Thailand,21741,2024
Togo,2961,2024
Tokelau,NA,2024
Tonga,7030,2024
Trinidad and Tobago,31960,2024
Tunisia,12775,2024
Turkey,36154,2024
Turkmenistan,18662,2024
Turks and Caicos Islands,33391,2024
Tuvalu,5812,2024
Uganda,2880,2024
Ukraine,16320,2024
United Arab Emirates,69702,2024
United Kingdom,52621,2024
United States,75489,2024
United States Virgin Islands,46479,2024
Uruguay,32039,2024
Uzbekistan,10450,2024
Vanuatu,3172,2024
Vatican,NA,2024
Venezuela,NA,2024
Vietnam,14415,2024
Wallis and Futuna,NA,2024
Western Sahara,NA,2024
Yemen,NA,2024
Zambia,3708,2024
Zimbabwe,5215,2024
